Track URI,Track Name,Artist URI(s),Artist Name(s),Album URI,Album Name,Album Artist URI(s),Album Artist Name(s),Album Release Date,Album Image URL,Disc Number,Track Number,Track Duration (ms),Track Preview URL,Explicit,Popularity,ISRC
spotify:track:3Tu7uWBecS6GsLsL8UONKn,Don't Stop the Party (feat. TJR),"spotify:artist:0TnOYISbd1XYRBk9myaseg, spotify:artist:2L8yW8GIoirHEdeW4bWQXq","Pitbull, TJR",spotify:album:2F7tejLHzTqFq2XLol9ZGy,Global Warming: Meltdown (Deluxe Version),spotify:artist:0TnOYISbd1XYRBk9myaseg,Pitbull,2012,https://i.scdn.co/image/ab67616d0000b273f2486b438645e97b523e4f90,1,2,206120,https://p.scdn.co/mp3-preview/72d6b312e4cbd1fd8219427fe1e6d1f5dfd4c85f?cid=9950ac751e34487dbbe027c4fd7f8e99,FALSE,73,USRC11201120
spotify:track:7CvOnbFdnIoXMQ4eFCo5lB,Around the World (La La La La La) - Radio Version,"spotify:artist:5wTdspmxzb8V4ZjvDodpBo, spotify:artist:0PEfbjTw85CAN5G0lz9n3p","A Touch Of Class, Pete Konemann",spotify:album:2kBFECL9a71fNRXbRW5xO3,Planet Pop,spotify:artist:5wTdspmxzb8V4ZjvDodpBo,A Touch Of Class,11/6/2000,https://i.scdn.co/image/ab67616d0000b2732b674491e363e44f14d10f43,1,2,214533,https://p.scdn.co/mp3-preview/2b720730f72fb3ed4743c3a61e693000fdb8c633?cid=9950ac751e34487dbbe027c4fd7f8e99,FALSE,75,DEP810000008
spotify:track:503OTo2dSqe7qk76rgsbep,Still D.R.E.,"spotify:artist:6DPYiyq5kWVQS4RGwxzPC7, spotify:artist:7hJcb9fa4alzcOq3EaNPoG","Dr. Dre, Snoop Dogg",spotify:album:7q2B4M5EiBkqrlsNW8lB7N,2001,spotify:artist:6DPYiyq5kWVQS4RGwxzPC7,Dr. Dre,11/16/1999,https://i.scdn.co/image/ab67616d0000b2739b19c107109de740bad72df5,1,4,270586,https://p.scdn.co/mp3-preview/7a1ea34238e6d08c87fc17a5c7e30321d79a7aaa?cid=9950ac751e34487dbbe027c4fd7f8e99,TRUE,85,USIR19905031
spotify:track:45upEMiYeArj06RERttNFx,Black & Gold - Radio Edit,spotify:artist:0H0rBbf7vHXO3qh50Wap7y,Sam Sparro,spotify:album:37xZuo5P2QN8qL5FWZONAh,Rewind 2000's,spotify:artist:0LyfQWJT6nXafLPZqxe9Of,Various Artists,11/8/2019,https://i.scdn.co/image/ab67616d0000b2733b36f6927a015f873161864b,1,8,212360,https://p.scdn.co/mp3-preview/508bf9d61c3d5b1bf612da764162bf31fe211e19?cid=9950ac751e34487dbbe027c4fd7f8e99,FALSE,0,GBUM70800413
spotify:track:7lWF2mVr1KKbVnaT2nSlPo,Fall For You,spotify:artist:6eouuqqGggqDlYRV63cgPo,Secondhand Serenade,spotify:album:2wBnQVDlrzxFSVq0gdi0Th,A Twist In My Story,spotify:artist:6eouuqqGggqDlYRV63cgPo,Secondhand Serenade,1/15/2008,https://i.scdn.co/image/ab67616d0000b273dda4610c84728d934a150575,1,2,185600,https://p.scdn.co/mp3-preview/07b5cac66cb7ade615aa7f8a4e0b01392c64be43?cid=9950ac751e34487dbbe027c4fd7f8e99,FALSE,0,USYAH0700007
spotify:track:6GsyZTld3PWXUuG34lcmr8,Roxanne,spotify:artist:5NGO30tJxFlKixkPSgXcFE,The Police,spotify:album:7EjdDWm76BqSQeaetbMmpv,Wedding Reception,spotify:artist:0LyfQWJT6nXafLPZqxe9Of,Various Artists,10/25/2019,https://i.scdn.co/image/ab67616d0000b273661a5be2050654e3045ccebf,1,10,188840,https://p.scdn.co/mp3-preview/112adf28a42d18ecc5e437ea66444056b3e337fd?cid=9950ac751e34487dbbe027c4fd7f8e99,FALSE,7,GBAAM7800003
spotify:track:7uWFUpGuEfmxYeymkV95jn,Time in a Bottle,spotify:artist:1R6Hx1tJ2VOUyodEpC12xM,Jim Croce,spotify:album:0dZaHQ0OJlIyVrEuvnXmS9,You Don't Mess Around With Jim,spotify:artist:1R6Hx1tJ2VOUyodEpC12xM,Jim Croce,4/1/1972,https://i.scdn.co/image/ab67616d0000b2735b7a6cabbcb9fe150966563c,1,8,148586,https://p.scdn.co/mp3-preview/b5d8d825de94c965b3f20157bbbb3612fcead473?cid=9950ac751e34487dbbe027c4fd7f8e99,FALSE,75,GBAJE7200780
spotify:track:0obBFrPYkSoBJbvHfUIhkv,Sexy And I Know It,spotify:artist:3sgFRtyBnxXD5ESfmbK4dl,LMFAO,spotify:album:5EuNq3rYUESwy6Vcsz2PZe,Sorry For Party Rocking (Deluxe Version),spotify:artist:3sgFRtyBnxXD5ESfmbK4dl,LMFAO,1/1/2011,https://i.scdn.co/image/ab67616d0000b2730dfa923895a2814ae422c49a,1,4,199480,https://p.scdn.co/mp3-preview/dd70b7db98aa5b41e43172e64c39737acacd04b1?cid=9950ac751e34487dbbe027c4fd7f8e99,FALSE,67,USUM71108090
spotify:track:1Rvl8qsKJurfFTyWLBI9ib,"Baby, I Love Your Way",spotify:artist:0Jeckitay8SbvKwqAzWuYH,Big Mountain,spotify:album:4QHFXQLRwZx5122InHluo5,The Best of Big Mountain,spotify:artist:0Jeckitay8SbvKwqAzWuYH,Big Mountain,1/1/1999,https://i.scdn.co/image/ab67616d0000b2738dad961673a82ade27f202a8,1,1,249520,https://p.scdn.co/mp3-preview/33f0cba55205e1507d1fd3834c20ea226f14a07c?cid=9950ac751e34487dbbe027c4fd7f8e99,FALSE,75,USGI19400026
spotify:track:7jW2dcStZndF9lWRrPUvzV,Shine,spotify:artist:1bNEG4iSClCqQRyZgho3YV,Spektrem,spotify:album:1TS3cjyqnslzRJIU91kGYF,Shine,spotify:artist:1bNEG4iSClCqQRyZgho3YV,Spektrem,5/5/2013,https://i.scdn.co/image/ab67616d0000b273bf551eac553ae502d0db425f,1,1,315585,https://p.scdn.co/mp3-preview/b85bd4d81d51b36d109f430e54313e17552effbc?cid=9950ac751e34487dbbe027c4fd7f8e99,FALSE,61,GB2LD0901581
spotify:track:7G7tgVYORlDuVprcYHuFJh,Don't Dream It's Over,spotify:artist:7ohlPA8dRBtCf92zaZCaaB,Crowded House,spotify:album:1dJpgn1rqvvr4yyNYLEYBG,Crowded House,spotify:artist:7ohlPA8dRBtCf92zaZCaaB,Crowded House,1/1/1986,https://i.scdn.co/image/ab67616d0000b2733ce3e2272e25916844f10d86,1,4,236933,https://p.scdn.co/mp3-preview/e3443f2c3b18fc9e108abc8e8ec6225f5d7a9c7c?cid=9950ac751e34487dbbe027c4fd7f8e99,FALSE,83,USCA28600048
spotify:track:5vlEg2fT4cFWAqU5QptIpQ,Replay,spotify:artist:5tKXB9uuebKE34yowVaU3C,Iyaz,spotify:album:698AdfGuOthKXXvvHla9bf,Replay,spotify:artist:5tKXB9uuebKE34yowVaU3C,Iyaz,8/11/2009,https://i.scdn.co/image/ab67616d0000b273322b086aec3e63cc7caf30c6,1,1,182306,https://p.scdn.co/mp3-preview/fbc52df880d479ab0e34ee46bcc817a9f8b52a35?cid=9950ac751e34487dbbe027c4fd7f8e99,FALSE,71,USRE10901161
spotify:track:1i5oEx2vFczQ2sCY3c6Kn5,Love Hurts,spotify:artist:6fvN9GmMCVKb5LY0WsnjFP,Nazareth,spotify:album:5Zwyrn62m3Pyc0nvRa9CHF,Hair Of The Dog,spotify:artist:6fvN9GmMCVKb5LY0WsnjFP,Nazareth,1/1/1975,https://i.scdn.co/image/ab67616d0000b27385bc3b24dd834a6dfbb876da,1,3,233133,https://p.scdn.co/mp3-preview/83f37d7820a4d3612fa8baf138ec4c9ebd7b844d?cid=9950ac751e34487dbbe027c4fd7f8e99,FALSE,62,USAM19500609
spotify:track:2GiJYvgVaD2HtM8GqD9EgQ,Electric Love,spotify:artist:1KP6TWI40m7p3QBTU6u2xo,BØRNS,spotify:album:17l7MIu0Jh0tdgK7or9ovw,Dopamine,spotify:artist:1KP6TWI40m7p3QBTU6u2xo,BØRNS,10/16/2015,https://i.scdn.co/image/ab67616d0000b273cc2cf912462d8ae4ef856434,1,3,218106,https://p.scdn.co/mp3-preview/9e25bcbff5c6e56abf6370656d6255fd7a766d9a?cid=9950ac751e34487dbbe027c4fd7f8e99,FALSE,82,USUM71416307
spotify:track:6Z8R6UsFuGXGtiIxiD8ISb,Safe And Sound,spotify:artist:4gwpcMTbLWtBUlOijbVpuu,Capital Cities,spotify:album:3WrufJir7I61NkvkDwxero,In A Tidal Wave Of Mystery (Deluxe Edition),spotify:artist:4gwpcMTbLWtBUlOijbVpuu,Capital Cities,2013,https://i.scdn.co/image/ab67616d0000b27313c6cb6a81c8db4dbc8b9924,1,1,192789,https://p.scdn.co/mp3-preview/5e9a012f06d4c8612a3d378cde706104c00ec621?cid=9950ac751e34487dbbe027c4fd7f8e99,FALSE,19,USCA21203108
spotify:track:46MnWAyqqSa9rXDlrp0TSF,Adultério (Dennis 2008),"spotify:artist:6xlRSRMLgZbsSNd0BMobwy, spotify:artist:1mXaaMbQM3IYuhNWaZdFuE","DENNIS, Mr. Catra",spotify:album:3TqYdlrnY03se1XIy9z4VW,"Dennis das Antigas, Vol. 2",spotify:artist:6xlRSRMLgZbsSNd0BMobwy,DENNIS,2004,https://i.scdn.co/image/ab67616d0000b27367d98f600ba6b3b4ff3fe065,1,2,128278,https://p.scdn.co/mp3-preview/c16b49e6058a601933f63b1e2ddc09b80f6b93a4?cid=9950ac751e34487dbbe027c4fd7f8e99,FALSE,39,BRVCB0600039
spotify:track:07MDkzWARZaLEdKxo6yArG,Meet Me At Our Spot,"spotify:artist:64H8UqGLbJFHwKtGxiV8OP, spotify:artist:3rWZHrfrsPBxVy692yAIxF, spotify:artist:1xoxekeb8jUVHKJB7m6bfg","THE ANXIETY, WILLOW, Tyler Cole",spotify:album:2kZyqn4Cmr78D74K9TcO4K,THE ANXIETY,"spotify:artist:64H8UqGLbJFHwKtGxiV8OP, spotify:artist:3rWZHrfrsPBxVy692yAIxF, spotify:artist:1xoxekeb8jUVHKJB7m6bfg","THE ANXIETY, WILLOW, Tyler Cole",3/13/2020,https://i.scdn.co/image/ab67616d0000b273024ea7e883a713a3ad552a71,1,8,162680,https://p.scdn.co/mp3-preview/5d11750d6d3a3fffe80b21af2427c91937d09d47?cid=9950ac751e34487dbbe027c4fd7f8e99,TRUE,76,QMJMT2002693
spotify:track:2kQuhkFX7uSVepCD3h29g5,Smack That,"spotify:artist:0z4gvV4rjIZ9wHck67ucSV, spotify:artist:7dGJo4pcD2V6oG8kP0tJRR","Akon, Eminem",spotify:album:6kzoWb4UzvKYgbDfAwgaFq,Konvicted,spotify:artist:0z4gvV4rjIZ9wHck67ucSV,Akon,1/1/2006,https://i.scdn.co/image/ab67616d0000b273d9bcf5565005950b353bc9cf,1,3,212360,https://p.scdn.co/mp3-preview/9cab8a030feb773e41610953fbc66add579c44ec?cid=9950ac751e34487dbbe027c4fd7f8e99,TRUE,86,USUM70609036
spotify:track:3DkHNCA4QRBQgTzF2T18hm,Only In Dreams,spotify:artist:3jOstUTkEu2JkjvRdBA5Gu,Weezer,spotify:album:1xpGyKyV26uPstk1Elgp9Q,Weezer,spotify:artist:3jOstUTkEu2JkjvRdBA5Gu,Weezer,5/10/1994,https://i.scdn.co/image/ab67616d0000b273345536847e60f622ee0eae96,1,10,479066,https://p.scdn.co/mp3-preview/bb3a5e88dfc7fea72a20838a69da77858a1251c5?cid=9950ac751e34487dbbe027c4fd7f8e99,FALSE,57,USGF19962910
spotify:track:7BRMVjSXolblx6ZXliSaMl,Everywhere - 2018 Remaster,spotify:artist:08GQAI4eElDnROBrJRGE0X,Fleetwood Mac,spotify:album:06JqOkwwy91OxrApXclzYf,50 Years - Don't Stop,spotify:artist:08GQAI4eElDnROBrJRGE0X,Fleetwood Mac,11/16/2018,https://i.scdn.co/image/ab67616d0000b273470a57c2dc8710171d4783df,1,7,223253,https://p.scdn.co/mp3-preview/eabca26badc76751ac967f6401918509ddbe5874?cid=9950ac751e34487dbbe027c4fd7f8e99,FALSE,49,USRH11802597
spotify:track:1nuiMoIH7mdUUDWnvocKVy,Make Your Own Kind Of Music - Single Version,spotify:artist:5jX7X3kRkfJTRqAdT7RcHk,Cass Elliot,spotify:album:5YXdaFaKNCVX9hXpXqjwXz,California Dreamin' - The Best of The Mamas & The Papas,spotify:artist:1bs7HoMkSyQwcobCpE9KpN,The Mamas & The Papas,1/1/2006,https://i.scdn.co/image/ab67616d0000b273f7be5f81ef77f522e4077539,1,18,140386,https://p.scdn.co/mp3-preview/6b97472f534e0ead599261613267f5ff3f823fc2?cid=9950ac751e34487dbbe027c4fd7f8e99,FALSE,0,USMC16951587
spotify:track:4wCmqSrbyCgxEXROQE6vtV,Somebody That I Used To Know,"spotify:artist:2AsusXITU8P25dlRNhcAbG, spotify:artist:6hk7Yq1DU9QcCCrz9uc0Ti","Gotye, Kimbra",spotify:album:1HjSyGjmLNjRAKgT9t1cna,Making Mirrors,spotify:artist:2AsusXITU8P25dlRNhcAbG,Gotye,1/1/2011,https://i.scdn.co/image/ab67616d0000b273e1d47c00ddecbfb810c807ed,1,3,244973,https://p.scdn.co/mp3-preview/d125c2d009d8388e01078361811e910f71966746?cid=9950ac751e34487dbbe027c4fd7f8e99,FALSE,80,AUZS21100040
spotify:track:5s3feZwZuckPPlgTMsGkws,Mad at the World,spotify:artist:5xQdu6vJP6leBN2eZTxIci,Heffron Drive,spotify:album:3CpzqDXQA06JtIJrhs2hfF,Mad at the World,spotify:artist:5xQdu6vJP6leBN2eZTxIci,Heffron Drive,1/19/2018,https://i.scdn.co/image/ab67616d0000b273cda50c143b5bf15cd705b6f8,1,1,211867,https://p.scdn.co/mp3-preview/f59d826fd9f3856d424a1d9db2c184ed8dd458f6?cid=9950ac751e34487dbbe027c4fd7f8e99,FALSE,21,TCADL1801091
spotify:track:0W4NhJhcqKCqEP2GIpDCDq,Love,spotify:artist:1vfezMIyCr4XUdYRaKIKi3,Keyshia Cole,spotify:album:4zEAsP0RIfbGARdtsgAaUV,The Way It Is,spotify:artist:1vfezMIyCr4XUdYRaKIKi3,Keyshia Cole,1/1/2005,https://i.scdn.co/image/ab67616d0000b2732cc2323c681b3f84cdc8379a,1,6,255333,https://p.scdn.co/mp3-preview/11f40d3c73dd2c84b0b75503f60b1734615099a7?cid=9950ac751e34487dbbe027c4fd7f8e99,FALSE,84,USAM10500210
spotify:track:3LI4MmibTkXH5cGpCGZgyw,Teenage Dirtbag,spotify:artist:4mYFgEjpQT4IKOrjOUKyXu,Wheatus,spotify:album:187HV0h26fG3mkRsySp5Lj,"Songs From Dawson's Creek, Vol. II",spotify:artist:0LyfQWJT6nXafLPZqxe9Of,Various Artists,9/29/2000,https://i.scdn.co/image/ab67616d0000b273bce5ea610d97401b08bd0a9b,1,10,241666,https://p.scdn.co/mp3-preview/7e5f690af7a446253ee6ca78d447b62e3607cdcd?cid=9950ac751e34487dbbe027c4fd7f8e99,FALSE,71,USSM10008431
spotify:track:0Dfctnkk9xIikDKJ06uwzo,She's So Nice,spotify:artist:3yJnBqAoRUNeDabdYoiYWD,Pink Guy,spotify:album:3l5PdpQHvUOXlq1w9PftPu,Pink Season,spotify:artist:3yJnBqAoRUNeDabdYoiYWD,Pink Guy,1/4/2017,https://i.scdn.co/image/ab67616d0000b2731e8fd05e38f85c0a52bf017f,1,9,163493,https://p.scdn.co/mp3-preview/03fe77849981b1f0ae912ee3326ac1b603de0eee?cid=9950ac751e34487dbbe027c4fd7f8e99,TRUE,63,QZ4JJ1704549
spotify:track:2tznHmp70DxMyr2XhWLOW0,Cigarette Daydreams,spotify:artist:26T3LtbuGT1Fu9m0eRq5X3,Cage The Elephant,spotify:album:4EK8gtQfdVsmDTji7gBFlz,Melophobia,spotify:artist:26T3LtbuGT1Fu9m0eRq5X3,Cage The Elephant,10/8/2013,https://i.scdn.co/image/ab67616d0000b273fb1cb900d28642e668d77b12,1,10,208760,https://p.scdn.co/mp3-preview/a7a72315d777f4ed078d955238f9db158c915fc1?cid=9950ac751e34487dbbe027c4fd7f8e99,FALSE,84,USRC11301169
spotify:track:3oEkrIfXfSh9zGnE7eBzSV,The Winner Takes It All,spotify:artist:0LcJLqbBmaGUft1e9Mm8HV,ABBA,spotify:album:3ZdkT5buYFi1WQaB0XNNtf,Super Trouper,spotify:artist:0LcJLqbBmaGUft1e9Mm8HV,ABBA,1980,https://i.scdn.co/image/ab67616d0000b2734d08fc99eff4ed52dfce91fa,1,2,294720,https://p.scdn.co/mp3-preview/a5c0b3c58f991b2b1f492ddb59223bb561a9a787?cid=9950ac751e34487dbbe027c4fd7f8e99,FALSE,83,SEAYD8001020
spotify:track:7snQQk1zcKl8gZ92AnueZW,Sweet Child O' Mine,spotify:artist:3qm84nBOXUEQ2vnTfUTTFC,Guns N' Roses,spotify:album:28yHV3Gdg30AiB8h8em1eW,Appetite For Destruction,spotify:artist:3qm84nBOXUEQ2vnTfUTTFC,Guns N' Roses,7/21/1987,https://i.scdn.co/image/ab67616d0000b27321ebf49b3292c3f0f575f0f5,1,9,356066,https://p.scdn.co/mp3-preview/a941cdd2c0c74206aaa6d7e459e4fdf1d738deaa?cid=9950ac751e34487dbbe027c4fd7f8e99,FALSE,89,USGF18714809
spotify:track:2VEsmoek0sol9MnJFyoG9e,Burnin' Up,spotify:artist:7gOdHgIoIKoe4i9Tta6qdD,Jonas Brothers,spotify:album:4jcRw4qVurxoZcfIYPKDpz,A Little Bit Longer,spotify:artist:7gOdHgIoIKoe4i9Tta6qdD,Jonas Brothers,8/12/2008,https://i.scdn.co/image/ab67616d0000b273d37a8bff01bd641c7960ca2b,1,2,175093,https://p.scdn.co/mp3-preview/558230e3e238b87f7946f07fc737f9791525770d?cid=9950ac751e34487dbbe027c4fd7f8e99,FALSE,71,USHR10823884
spotify:track:3GpbwCm3YxiWDvy29Uo3vP,Right Round,"spotify:artist:0jnsk9HBra6NMjO2oANoPY, spotify:artist:6LqNN22kT3074XbTVUrhzX","Flo Rida, Kesha",spotify:album:2vBLKFrI1rZqB7VtGxcsR5,R.O.O.T.S. (Route of Overcoming the Struggle),spotify:artist:0jnsk9HBra6NMjO2oANoPY,Flo Rida,3/23/2009,https://i.scdn.co/image/ab67616d0000b27318aa5d7e6d484b832cd5d03f,1,5,204640,https://p.scdn.co/mp3-preview/04b3f3daf9f2e977daef0d8cceb58d74aa58759d?cid=9950ac751e34487dbbe027c4fd7f8e99,FALSE,84,USAT20900156
spotify:track:6nWPzkaAjRdjAGSFhpGc3O,Já Que Me Ensinou a Beber,spotify:artist:5Lv2GUVwqmQBPwrTrxucE5,Os Barões Da Pisadinha,spotify:album:7nvdFAVwTz9D2ioC8polNu,Batom de Ouro,spotify:artist:5Lv2GUVwqmQBPwrTrxucE5,Os Barões Da Pisadinha,9/26/2019,https://i.scdn.co/image/ab67616d0000b2734ea66b136ee188fe0975bfb1,1,19,158432,https://p.scdn.co/mp3-preview/a312eb0c9f79ca3645113027dcf81aced7a7b023?cid=9950ac751e34487dbbe027c4fd7f8e99,FALSE,67,BXDW71900041
spotify:track:2E3hdMguyNDQswLXyUotYR,Signs,spotify:artist:3MM8mtgFzaEJsqbjZBSsHJ,Bloc Party,spotify:album:0ZdR2zjN6X6Wvffw8l87yl,Intimacy,spotify:artist:3MM8mtgFzaEJsqbjZBSsHJ,Bloc Party,10/28/2008,https://i.scdn.co/image/ab67616d0000b27335d354f722c4aaa47ed3126e,1,6,278674,https://p.scdn.co/mp3-preview/298b82eaddc457cf8d7dd9b4561fbd0d267c2860?cid=9950ac751e34487dbbe027c4fd7f8e99,FALSE,41,GBDNH0800561
spotify:track:4qEoqyPbLYnLOii6mKlIjI,"Determinate - From ""Lemonade Mouth""","spotify:artist:3dctbbXhrRgigX1icexnws, spotify:artist:4VhL8KLjVso4vLfOLVViTb, spotify:artist:2Zi3RrdQqk63Xj0914STkS, spotify:artist:3LjhVl7GzYsza1biQjTpaN","Adam Hicks, Bridgit Mendler, Naomi Scott, Hayley Kiyoko",spotify:album:6Vsml6sziVKBHxbMEp5wgQ,Lemonade Mouth,spotify:artist:1Ok1VzmUGt4E1DDNol44GH,Lemonade Mouth,1/1/2011,https://i.scdn.co/image/ab67616d0000b273d9a239d0a67fc31a9b9fff59,1,4,198106,https://p.scdn.co/mp3-preview/d176a1d3b6d858a2f1549c6af3ae6587cba82312?cid=9950ac751e34487dbbe027c4fd7f8e99,FALSE,67,USWD11155812
spotify:track:5cCAZS9VhLGEDV4NCfieeg,I Wanna Go,spotify:artist:26dSoYclwsYLMAKD3tpOr4,Britney Spears,spotify:album:0oFBaXLFsUVa2gEmJf4FcJ,Femme Fatale (Deluxe Version),spotify:artist:26dSoYclwsYLMAKD3tpOr4,Britney Spears,3/28/2011,https://i.scdn.co/image/ab67616d0000b273fda0f2adec40250bea55101b,1,4,210266,https://p.scdn.co/mp3-preview/7045f83791ab1a490bf8632fd8ff45e461b1b4a2?cid=9950ac751e34487dbbe027c4fd7f8e99,FALSE,75,USJI11100095
spotify:track:2WfaOiMkCvy7F5fcp2zZ8L,Take on Me,spotify:artist:2jzc5TC5TVFLXQlBNiIUzE,a-ha,spotify:album:1ER3B6zev5JEAaqhnyyfbf,Hunting High and Low,spotify:artist:2jzc5TC5TVFLXQlBNiIUzE,a-ha,6/1/1985,https://i.scdn.co/image/ab67616d0000b273e8dd4db47e7177c63b0b7d53,1,1,225280,https://p.scdn.co/mp3-preview/d1427dd0a300eeccfc53b99a2ebf3c664a67414a?cid=9950ac751e34487dbbe027c4fd7f8e99,FALSE,89,USWB19901214
spotify:track:0GjEhVFGZW8afUYGChu3Rr,Dancing Queen,spotify:artist:0LcJLqbBmaGUft1e9Mm8HV,ABBA,spotify:album:1V6a99EbTTIegOhWoPxYI9,Arrival,spotify:artist:0LcJLqbBmaGUft1e9Mm8HV,ABBA,1976,https://i.scdn.co/image/ab67616d0000b27370f7a1b35d5165c85b95a0e0,1,2,230400,https://p.scdn.co/mp3-preview/1116076e3d1538852d6605ada1fd7130c8fc75a5?cid=9950ac751e34487dbbe027c4fd7f8e99,FALSE,87,SEAYD7601020
spotify:track:6HSqyfGnsHYw9MmIpa9zlZ,Forever,"spotify:artist:3TVXtAsR1Inumwj472S9r4, spotify:artist:5K4W6rqBFWDnAN6FQUkS6x, spotify:artist:55Aa2cqylxrFIXC767Z865, spotify:artist:7dGJo4pcD2V6oG8kP0tJRR","Drake, Kanye West, Lil Wayne, Eminem",spotify:album:55UhXq8grzHPga0we8mEL3,More Than A Game,spotify:artist:0LyfQWJT6nXafLPZqxe9Of,Various Artists,1/1/2009,https://i.scdn.co/image/ab67616d0000b2737c22c8b9a5cfe27cd9914c4c,1,2,357346,https://p.scdn.co/mp3-preview/9e070257ff65be4a2a1a67813528ae50cdd73c65?cid=9950ac751e34487dbbe027c4fd7f8e99,TRUE,66,USUM70985104
spotify:track:2bJvI42r8EF3wxjOuDav4r,Time of Our Lives,"spotify:artist:0TnOYISbd1XYRBk9myaseg, spotify:artist:21E3waRsmPlU7jZsS13rcj","Pitbull, Ne-Yo",spotify:album:4EUf4YyNjuXypWY6W5wEDm,Globalization,spotify:artist:0TnOYISbd1XYRBk9myaseg,Pitbull,11/24/2014,https://i.scdn.co/image/ab67616d0000b2731e340d1480e7bb29a45e3bd7,1,4,229360,https://p.scdn.co/mp3-preview/d508371276a297486ace8d4ff596c54ae9e65260?cid=9950ac751e34487dbbe027c4fd7f8e99,TRUE,87,USRC11402647
spotify:track:1DqdF42leyFIzqNDv9CjId,Dynamite,spotify:artist:6MF9fzBmfXghAz953czmBC,Taio Cruz,spotify:album:159jpldDCgsgH6KGgjy63c,Rokstarr,spotify:artist:6MF9fzBmfXghAz953czmBC,Taio Cruz,1/1/2010,https://i.scdn.co/image/ab67616d0000b273a9006ae892a2255a865c0f7a,1,1,203866,https://p.scdn.co/mp3-preview/f994bfa635fafe159f70b621f7a9ad09a1a6ccd4?cid=9950ac751e34487dbbe027c4fd7f8e99,FALSE,75,GBUM71003721
spotify:track:6qn9YLKt13AGvpq9jfO8py,We Found Love,"spotify:artist:5pKCCKE2ajJHZ9KAiaK11H, spotify:artist:7CajNmpbOovFoOoasH2HaY","Rihanna, Calvin Harris",spotify:album:2g1EakEaW7fPTZC6vBmBCn,Talk That Talk,spotify:artist:5pKCCKE2ajJHZ9KAiaK11H,Rihanna,11/18/2011,https://i.scdn.co/image/ab67616d0000b273bef074de9ca825bddaeb9f46,1,3,215226,https://p.scdn.co/mp3-preview/3067667dfd88c43dbe49d977a03d7158cd02a06b?cid=9950ac751e34487dbbe027c4fd7f8e99,FALSE,86,USUM71115507
spotify:track:1aklRy3btsbucImSXvR2SY,Stereo Love - Original,"spotify:artist:6XwwFnewNgWp81MYMK8zLq, spotify:artist:34dZRjYum6vVBGslgYaBtB","Edward Maya, Vika Jigulina",spotify:album:774YoW7RL5qzrPdZFi8xJE,Stereo Love,"spotify:artist:6XwwFnewNgWp81MYMK8zLq, spotify:artist:34dZRjYum6vVBGslgYaBtB","Edward Maya, Vika Jigulina",2009,https://i.scdn.co/image/ab67616d0000b273695991d6f4a544a05df4c1c0,1,2,248666,https://p.scdn.co/mp3-preview/faf5871d47c73d05821bca2f9a1021298e058cc5?cid=9950ac751e34487dbbe027c4fd7f8e99,FALSE,69,ROCMA0901578
spotify:track:1ybu2CSF26zyquwCWb6YQJ,Creature Fear,spotify:artist:4LEiUm1SRbFMgfqnQTwUbQ,Bon Iver,spotify:album:3JKLAR3XV8VIFIHagNAR3Y,"For Emma, Forever Ago",spotify:artist:4LEiUm1SRbFMgfqnQTwUbQ,Bon Iver,7/8/2007,https://i.scdn.co/image/ab67616d0000b2734bdf5bd133774e8d9ec026d8,1,6,186120,https://p.scdn.co/mp3-preview/e9e41f7fb284ba1ef711c83d66507267b6266e8b?cid=9950ac751e34487dbbe027c4fd7f8e99,FALSE,0,US38Y0811506
spotify:track:6dooKqgWKBVwQLLarxJPDM,Recognizer,spotify:artist:4tZwfgrHOc3mvqYlEYSvVi,Daft Punk,spotify:album:3AMXFnwHWXCvNr5NCCpLZI,TRON: Legacy - The Complete Edition (Original Motion Picture Soundtrack),spotify:artist:4tZwfgrHOc3mvqYlEYSvVi,Daft Punk,12/3/2010,https://i.scdn.co/image/ab67616d0000b2738323143296ff7b2801e32789,1,4,157719,https://p.scdn.co/mp3-preview/f74222982b31703b9b00ee0ec3aa7d5f19ca20ba?cid=9950ac751e34487dbbe027c4fd7f8e99,FALSE,54,USWD11054879
spotify:track:2q4rjDy9WhaN3o9MvDbO21,Kiss Me Thru The Phone,"spotify:artist:6GMYJwaziB4ekv1Y6wCDWS, spotify:artist:4p07QU02SrLsaORo25h2Lg","Soulja Boy, Sammie",spotify:album:2zwyBK8ea29FqWuY8IiRJu,iSouljaBoyTellem,spotify:artist:6GMYJwaziB4ekv1Y6wCDWS,Soulja Boy,1/1/2008,https://i.scdn.co/image/ab67616d0000b2736aef62bd0a60aac7df9a9e37,1,6,193386,https://p.scdn.co/mp3-preview/d34545f442d5a3861c61afd164d7927b00c06531?cid=9950ac751e34487dbbe027c4fd7f8e99,FALSE,82,USUM70848200
spotify:track:4QNpBfC0zvjKqPJcyqBy9W,Give Me Everything (feat. Nayer),"spotify:artist:0TnOYISbd1XYRBk9myaseg, spotify:artist:4D75GcNG95ebPtNvoNVXhz, spotify:artist:21E3waRsmPlU7jZsS13rcj, spotify:artist:1ruutHJcECI7cos2n5TqpO","Pitbull, AFROJACK, Ne-Yo, Nayer",spotify:album:4rG0MhkU6UojACJxkMHIXB,Planet Pit (Deluxe Version),spotify:artist:0TnOYISbd1XYRBk9myaseg,Pitbull,6/17/2011,https://i.scdn.co/image/ab67616d0000b2731dc7483a9fcfce54822a2f19,1,2,252306,https://p.scdn.co/mp3-preview/6eafa4293d2b35b2e75ffab5ec1bba8ec00d5082?cid=9950ac751e34487dbbe027c4fd7f8e99,FALSE,90,USJAY1100032
spotify:track:56sk7jBpZV0CD31G9hEU3b,Animal I Have Become,spotify:artist:2xiIXseIJcq3nG7C8fHeBj,Three Days Grace,spotify:album:4ZDwEvXIKxWdwhAQK8ndBU,One-X,spotify:artist:2xiIXseIJcq3nG7C8fHeBj,Three Days Grace,6/25/2006,https://i.scdn.co/image/ab67616d0000b273e773763694ac5eb7f2aa0a37,1,3,231400,https://p.scdn.co/mp3-preview/c973eb4df46a3fb0f780964d2be3861e3b84eeff?cid=9950ac751e34487dbbe027c4fd7f8e99,FALSE,83,USJI10600117
spotify:track:0y8Wf6ltWpGCpgqVa21QNX,After the Afterparty (feat. Lil Yachty),"spotify:artist:25uiPmTg16RbhZWAqwLBy5, spotify:artist:6icQOAFXDZKsumw3YXyusw","Charli xcx, Lil Yachty",spotify:album:4Txd0wc4WAgnoxXx0SLAlw,After the Afterparty (feat. Lil Yachty),spotify:artist:25uiPmTg16RbhZWAqwLBy5,Charli xcx,10/28/2016,https://i.scdn.co/image/ab67616d0000b273901d5e4c873dc3dc9af647d9,1,1,219480,https://p.scdn.co/mp3-preview/d0998c825cd2373bb3661971ce74b4bf01cafe67?cid=9950ac751e34487dbbe027c4fd7f8e99,FALSE,50,GBAHS1600358
spotify:track:7FfCyM2CMWorArcWFtQ7ZX,bloody valentine,spotify:artist:6TIYQ3jFPwQSRmorSezPxX,mgk,spotify:album:13lMLnHs5qsmm687oRc3VC,Tickets To My Downfall (SOLD OUT Deluxe),spotify:artist:6TIYQ3jFPwQSRmorSezPxX,mgk,9/29/2020,https://i.scdn.co/image/ab67616d0000b273d2939e48fb657d72064ca699,1,4,205158,https://p.scdn.co/mp3-preview/e070198e8b0e3052d00dfba9987ca1aa5749d339?cid=9950ac751e34487dbbe027c4fd7f8e99,TRUE,50,USUM72005714
spotify:track:6ZZf5a8oiInHDkBe9zXfLP,Curtains,spotify:artist:6eUKZXaKkcviH0Ku9w2n3V,Ed Sheeran,spotify:album:2WFFcvzM0CgLaSq4MSkyZk,#NAME?,spotify:artist:6eUKZXaKkcviH0Ku9w2n3V,Ed Sheeran,5/5/2023,https://i.scdn.co/image/ab67616d0000b273a0aea3805ed6a87aa394c796,1,8,224803,https://p.scdn.co/mp3-preview/5a519e5823df4fe468c8a45a7104a632553e09a5?cid=9950ac751e34487dbbe027c4fd7f8e99,FALSE,63,GBAHS2201309
spotify:track:4IRHwIZHzlHT1FQpRa5RdE,Goodbye Yellow Brick Road - Remastered 2014,spotify:artist:3PhoLpVuITZKcymswpck5b,Elton John,spotify:album:5WupqgR68HfuHt3BMJtgun,Goodbye Yellow Brick Road (Remastered),spotify:artist:3PhoLpVuITZKcymswpck5b,Elton John,10/5/1973,https://i.scdn.co/image/ab67616d0000b273f72f1e38e9bd48f18a17ed9b,1,4,192826,https://p.scdn.co/mp3-preview/2bbb66b8e6b0ffc9d5b0d6be802fabf4053c8a33?cid=9950ac751e34487dbbe027c4fd7f8e99,FALSE,78,GBUM71304956
spotify:track:7MmG8p0F9N3C4AXdK6o6Eb,Outside (feat. Ellie Goulding),"spotify:artist:7CajNmpbOovFoOoasH2HaY, spotify:artist:0X2BH1fck6amBIoJhDVmmJ","Calvin Harris, Ellie Goulding",spotify:album:48zisMeiXniWLzOQghbPqS,Motion,spotify:artist:7CajNmpbOovFoOoasH2HaY,Calvin Harris,10/31/2014,https://i.scdn.co/image/ab67616d0000b2738fba5806a323efd272677c4d,1,6,227266,https://p.scdn.co/mp3-preview/bb032e25471de6482ac8200e690bb1433d3166ce?cid=9950ac751e34487dbbe027c4fd7f8e99,FALSE,88,GBARL1401201
spotify:track:6cmm1LMvZdB5zsCwX5BjqE,Down,"spotify:artist:4pADjHPWyrlAF0FA7joK2H, spotify:artist:55Aa2cqylxrFIXC767Z865","Jay Sean, Lil Wayne",spotify:album:2H66HrVR1UeMlAoSXpxUnk,All Or Nothing,spotify:artist:4pADjHPWyrlAF0FA7joK2H,Jay Sean,1/1/2009,https://i.scdn.co/image/ab67616d0000b273e207a14471e5356294146e9d,1,1,212506,https://p.scdn.co/mp3-preview/0cab3b7809b74ed92a3261d443db74ce1a786b3f?cid=9950ac751e34487dbbe027c4fd7f8e99,FALSE,82,USCM50900094
spotify:track:04xLqOwtmMjz74y9bM677s,California Dreamin',spotify:artist:3oDbviiivRWhXwIE8hxkVV,The Beach Boys,spotify:album:62YEXS8uOu8fUlCrU3ideq,"Stranger Things: Soundtrack from the Netflix Series, Season 4",spotify:artist:0LyfQWJT6nXafLPZqxe9Of,Various Artists,5/27/2022,https://i.scdn.co/image/ab67616d0000b273fe8fbfb90a20a9c725714709,1,2,201750,https://p.scdn.co/mp3-preview/d3d673938d66a4caf3c2f297e9994f2983a15cdb?cid=9950ac751e34487dbbe027c4fd7f8e99,FALSE,0,USGJP1300250
spotify:track:6cbZb9mVAc5s8HtwklLoI0,Cheguei,spotify:artist:3CDoRporvSjdzTrm99a3gi,LUDMILLA,spotify:album:4JZQXCD2TwUZmxSLlMDRoX,A danada sou eu,spotify:artist:3CDoRporvSjdzTrm99a3gi,LUDMILLA,10/21/2016,https://i.scdn.co/image/ab67616d0000b27359d95eeb37d902cc3287b574,1,1,174056,https://p.scdn.co/mp3-preview/103cdebc25a14164d0c14dc671d4f93ed48aa4e3?cid=9950ac751e34487dbbe027c4fd7f8e99,FALSE,52,BRWMB1600423
spotify:track:7oVEtyuv9NBmnytsCIsY5I,BURN IT DOWN,spotify:artist:6XyY86QOPPrYVGvF9ch6wz,Linkin Park,spotify:album:4XHIjbhjRmqWlosjj5rqSI,LIVING THINGS,spotify:artist:6XyY86QOPPrYVGvF9ch6wz,Linkin Park,6/19/2012,https://i.scdn.co/image/ab67616d0000b273987fb4c5ec8790e9f637a4a4,1,3,230253,https://p.scdn.co/mp3-preview/db2e04088575f248a4f0baf09b9165f18dd31ebb?cid=9950ac751e34487dbbe027c4fd7f8e99,FALSE,79,USWB11200587
spotify:track:6bUNEbXT7HovLW6BgPCBsb,Roses,spotify:artist:1G9G7WwrXka3Z1r7aIDjI7,Outkast,spotify:album:1UsmQ3bpJTyK6ygoOOjG1r,Speakerboxxx/The Love Below,spotify:artist:1G9G7WwrXka3Z1r7aIDjI7,Outkast,2003,https://i.scdn.co/image/ab67616d0000b2736e88eb6508fd94cd1b745ce2,2,10,369573,https://p.scdn.co/mp3-preview/a58d1bc80d322dfdc2abb69853af0170b4270acd?cid=9950ac751e34487dbbe027c4fd7f8e99,TRUE,74,USAR10301000
spotify:track:2H1047e0oMSj10dgp7p2VG,I Gotta Feeling,spotify:artist:1yxSLGMDHlW21z4YXirZDS,Black Eyed Peas,spotify:album:3lng6RAtdksQ2q02Fk5jaB,THE E.N.D. (THE ENERGY NEVER DIES),spotify:artist:1yxSLGMDHlW21z4YXirZDS,Black Eyed Peas,1/1/2009,https://i.scdn.co/image/ab67616d0000b273382514f0114ba8f4a16d5db4,1,5,289133,https://p.scdn.co/mp3-preview/b3398fc473e546c85e965482e7b908342c46b7b2?cid=9950ac751e34487dbbe027c4fd7f8e99,FALSE,79,USUM70965169
spotify:track:1bM50INir8voAkVoKuvEUI,OMG (feat. will.i.am),"spotify:artist:23zg3TcAtWQy7J6upgbUnj, spotify:artist:085pc2PYOi8bGKj0PNjekA","USHER, will.i.am",spotify:album:6A1F3Fkq5dYeYYNkXflcTX,Raymond v Raymond (Expanded Edition),spotify:artist:23zg3TcAtWQy7J6upgbUnj,USHER,3/30/2010,https://i.scdn.co/image/ab67616d0000b27386b0c9728ad3ed338eaeea79,1,6,269493,https://p.scdn.co/mp3-preview/8f6be8d3bdadf51fe002ebffe58107e28ae12314?cid=9950ac751e34487dbbe027c4fd7f8e99,FALSE,81,USLF20900103
spotify:track:5rb9QrpfcKFHM1EUbSIurX,Yeah! (feat. Lil Jon & Ludacris),"spotify:artist:23zg3TcAtWQy7J6upgbUnj, spotify:artist:7sfl4Xt5KmfyDs2T3SVSMK, spotify:artist:3ipn9JLAPI5GUEo4y4jcoi","USHER, Lil Jon, Ludacris",spotify:album:1RM6MGv6bcl6NrAG8PGoZk,Confessions (Expanded Edition),spotify:artist:23zg3TcAtWQy7J6upgbUnj,USHER,3/23/2004,https://i.scdn.co/image/ab67616d0000b273365b3fb800c19f7ff72602da,1,2,250373,https://p.scdn.co/mp3-preview/1eca1cb525c2b0df2ecba52f1105f139323e09a2?cid=9950ac751e34487dbbe027c4fd7f8e99,FALSE,88,USAR10301423
spotify:track:1nZzRJbFvCEct3uzu04ZoL,Part Of Me,spotify:artist:6jJ0s89eD6GaHleKKya26X,Katy Perry,spotify:album:5BvgP623rtvlc0HDcpzquz,Teenage Dream: The Complete Confection,spotify:artist:6jJ0s89eD6GaHleKKya26X,Katy Perry,3/12/2012,https://i.scdn.co/image/ab67616d0000b273937af329667311f4b2831616,1,14,216160,https://p.scdn.co/mp3-preview/7a454631475bbbeaa6b2b414b6c924fafeaf6fcd?cid=9950ac751e34487dbbe027c4fd7f8e99,FALSE,77,USCA21102809
spotify:track:5qHYXcVvc9xsFB2uH7GpMN,Kokomo,spotify:artist:3oDbviiivRWhXwIE8hxkVV,The Beach Boys,spotify:album:47VjIh8rgyMJJHNR98w0Kw,The Very Best Of The Beach Boys: Sounds Of Summer,spotify:artist:3oDbviiivRWhXwIE8hxkVV,The Beach Boys,1/1/2003,https://i.scdn.co/image/ab67616d0000b273c5634c0532097e175199f07e,1,25,217692,https://p.scdn.co/mp3-preview/8a33ab47e93de0203c7e3fd39fc41d5513884d4e?cid=9950ac751e34487dbbe027c4fd7f8e99,FALSE,74,USNPD0713481
spotify:track:4fXFb1WdpPVU6Yup1F5a5K,I'll Do It - Sped Up Version,spotify:artist:5XLBtYR2VrpkqXdlvNnFHG,Heidi Montag,spotify:album:5UKDPRUvUae1NhfhsYZiQp,I'll Do It,spotify:artist:5XLBtYR2VrpkqXdlvNnFHG,Heidi Montag,5/12/2023,https://i.scdn.co/image/ab67616d0000b273965b794fa42918a073d0b751,1,3,197254,https://p.scdn.co/mp3-preview/9e7eba3d9a023505b7788b4dff3654f5f660050f?cid=9950ac751e34487dbbe027c4fd7f8e99,FALSE,66,ZZOPM2343650
spotify:track:6t28bWFyPoek673U0f9Dpz,Christmas Tv,spotify:artist:75Kh0eqgzo9f43Dan1JzSV,Slow Club,spotify:album:0BSrHJa12IF5w1degQUkyF,"Christmas, Thanks For Nothing",spotify:artist:75Kh0eqgzo9f43Dan1JzSV,Slow Club,12/14/2010,https://i.scdn.co/image/ab67616d0000b273a8fbc3112f23a9b5b45a737d,1,6,272426,https://p.scdn.co/mp3-preview/ed4b5ceea616dbff6826f41527dc99e60f1438d5?cid=9950ac751e34487dbbe027c4fd7f8e99,FALSE,0,GBGEY0900156
spotify:track:5A6OHHy73AR5tLxgTc98zz,Black and Yellow,spotify:artist:137W8MRPWKqSmrBGDBFSop,Wiz Khalifa,spotify:album:6ZOXiVL8rmk2ATHJiFJhiD,Rolling Papers,spotify:artist:137W8MRPWKqSmrBGDBFSop,Wiz Khalifa,3/29/2011,https://i.scdn.co/image/ab67616d0000b273fe3cf32b1320e8ded39d8c74,1,3,217666,https://p.scdn.co/mp3-preview/971e63e8dd67db27dccb59dab22a559bcb31b22c?cid=9950ac751e34487dbbe027c4fd7f8e99,TRUE,78,USAT21001800
spotify:track:5RKQ5NdjSh2QzD4MaunT91,Don't Stop Believin' (2022 Remaster),spotify:artist:0rvjqX7ttXeg3mTy8Xscbt,Journey,spotify:album:4guAwaniEAEQSW0NCpo4gm,Escape (2022 Remaster),spotify:artist:0rvjqX7ttXeg3mTy8Xscbt,Journey,7/17/1981,https://i.scdn.co/image/ab67616d0000b27363fa4751355b66f236943275,1,1,249600,https://p.scdn.co/mp3-preview/50923c629a4d9ab470b0ca6a10495ecb945c1500?cid=9950ac751e34487dbbe027c4fd7f8e99,FALSE,88,USSM18100116
spotify:track:7MnT7msJZg3XBAS0OTfGrB,Tempo Perdido,spotify:artist:6tw6EpC9RgmSRZiZg0n22t,Legião Urbana,spotify:album:4OCJTpOLqSgysGY4yBCGhn,Dois,spotify:artist:6tw6EpC9RgmSRZiZg0n22t,Legião Urbana,1/1/1986,https://i.scdn.co/image/ab67616d0000b2731eb5e996639036a49b09f1e5,1,6,302200,https://p.scdn.co/mp3-preview/f4da817032001471ba40cfd9f112b737e28d062c?cid=9950ac751e34487dbbe027c4fd7f8e99,FALSE,76,BREMI8600025
spotify:track:4NAraLVJxtLPJhmKKVklKa,Mistakes,spotify:artist:6fWVd57NKTalqvmjRd2t8Z,24kGoldn,spotify:album:2gdsRtb1ckC5S0sC2VxwTJ,Mistakes,spotify:artist:6fWVd57NKTalqvmjRd2t8Z,24kGoldn,9/30/2022,https://i.scdn.co/image/ab67616d0000b2739463aeb0447010260b9b6bd9,1,1,149451,https://p.scdn.co/mp3-preview/4bd35a6e1fbe04a41f1b204a7112120477a168d9?cid=9950ac751e34487dbbe027c4fd7f8e99,TRUE,43,USQX92204733
spotify:track:4DvhkX2ic4zWkQeWMwQ2qf,Like A G6,"spotify:artist:698hF4vcwHwPy8ltmXermq, spotify:artist:7C64wNX3howEFZjAYRKsfP, spotify:artist:7Ip2u3e5Nv6fFb5xyIHxEE","Far East Movement, The Cataracs, DEV",spotify:album:1TuKgkCGIxiIns9Bc5XKRC,Free Wired,spotify:artist:698hF4vcwHwPy8ltmXermq,Far East Movement,1/1/2010,https://i.scdn.co/image/ab67616d0000b27358b08d62231dfca8d358b876,1,2,216893,https://p.scdn.co/mp3-preview/c582b7a59c285d2396c0695999a48d69d5495fe3?cid=9950ac751e34487dbbe027c4fd7f8e99,FALSE,74,USUM71008138
spotify:track:0yIywEquxORnu1dR0WYsdN,Love Me,spotify:artist:1uNFoZAHBGtllmzznpCI3s,Justin Bieber,spotify:album:1rG5TDs3jYh6OU753I54CI,My World,spotify:artist:1uNFoZAHBGtllmzznpCI3s,Justin Bieber,1/1/2009,https://i.scdn.co/image/ab67616d0000b2737c3bb9f74a98f60bdda6c9a7,1,7,191573,https://p.scdn.co/mp3-preview/1b3ba6eb1dfb87efbdea6e12e45023a736e3bdd4?cid=9950ac751e34487dbbe027c4fd7f8e99,FALSE,71,USUM70902893
spotify:track:3WGJSY8JaGliVIJyMig5aS,1999,"spotify:artist:25uiPmTg16RbhZWAqwLBy5, spotify:artist:3WGpXCj9YhhfX11TToZcXP","Charli xcx, Troye Sivan",spotify:album:386IqvSuljaZsMjwDGGdLj,Charli,spotify:artist:25uiPmTg16RbhZWAqwLBy5,Charli xcx,9/13/2019,https://i.scdn.co/image/ab67616d0000b2737e9409735ed90d9ee4bdaf18,1,4,189200,https://p.scdn.co/mp3-preview/1a98b881f59c8857db365b004c5c34e9edfe8b56?cid=9950ac751e34487dbbe027c4fd7f8e99,FALSE,62,GBAHS1800662
spotify:track:55MIRLbZzpYSmMlRt9ZDWM,30/90,"spotify:artist:2garjIdgTW5i89s4Z3UT72, spotify:artist:2WHbNs4WT5ZN7rbjDqbyEE, spotify:artist:6G9bygHlCyPgNGxK2l3YdE, spotify:artist:6mXcTwoata1hkaDMbkzw32, spotify:artist:6RKS67sIPOW16NcGWkgdzF, spotify:artist:5jMxsWwmiQl6lRo01xHMmG","Andrew Garfield, Joshua Henry, Vanessa Hudgens, Robin de Jesus, Alexandra Shipp, MJ Rodriguez",spotify:album:4d1XaejoQ5r4jdkV8k5SNJ,"tick, tick... BOOM! (Soundtrack from the Netflix Film)",spotify:artist:5lveWTbqXuBYfwswNPsGWL,"The Cast of Netflix's Film tick\, tick... BOOM!",11/12/2021,https://i.scdn.co/image/ab67616d0000b27321b999d57c62a5f362633a48,1,1,262505,https://p.scdn.co/mp3-preview/5b1370fd8bf542756f4feeffa87e98a72bbeab8f?cid=9950ac751e34487dbbe027c4fd7f8e99,TRUE,62,QZ8BZ2100734
spotify:track:374EllG6WyKdKvklfanNZT,ay! (feat. Lil Wayne),"spotify:artist:6TIYQ3jFPwQSRmorSezPxX, spotify:artist:55Aa2cqylxrFIXC767Z865","mgk, Lil Wayne",spotify:album:1e9CbSWMgie8riYCSvqNs3,ay! (feat. Lil Wayne),"spotify:artist:6TIYQ3jFPwQSRmorSezPxX, spotify:artist:55Aa2cqylxrFIXC767Z865","mgk, Lil Wayne",3/4/2022,https://i.scdn.co/image/ab67616d0000b2734f1c407f8c5b9c72bbac4c54,1,1,124188,https://p.scdn.co/mp3-preview/56a6e78264b5832fccf507b298b9f3fd68cef1fc?cid=9950ac751e34487dbbe027c4fd7f8e99,TRUE,0,USUM72201502
spotify:track:4pDj6rJPTd6RIbrLiCL5Zg,We Are One (Ole Ola) [The Official 2014 FIFA World Cup Song] (feat. Jennifer Lopez & Claudia Leitte) - Olodum Mix,"spotify:artist:0TnOYISbd1XYRBk9myaseg, spotify:artist:2DlGxzQSjYe5N6G9nkYghR, spotify:artist:2OjoIDVPQKT9B7loZbPEfp","Pitbull, Jennifer Lopez, Claudia Leitte",spotify:album:5htwZrf4lCiZ6GTj9Z0CMo,"The 2014 FIFA World Cup Official Album: One Love, One Rhythm",spotify:artist:0LyfQWJT6nXafLPZqxe9Of,Various Artists,5/9/2014,https://i.scdn.co/image/ab67616d0000b273625fe347d8e5565382d26c62,1,16,238680,https://p.scdn.co/mp3-preview/78ceb17428a786f4df458aee7c2a69a81c7ffeef?cid=9950ac751e34487dbbe027c4fd7f8e99,FALSE,36,USRC11400628
spotify:track:3TGRqZ0a2l1LRblBkJoaDx,Call Me Maybe,spotify:artist:6sFIWsNpZYqfjUpaCgueju,Carly Rae Jepsen,spotify:album:29blfJv8AddJrjuG3DpE13,Kiss (Deluxe),spotify:artist:6sFIWsNpZYqfjUpaCgueju,Carly Rae Jepsen,1/1/2012,https://i.scdn.co/image/ab67616d0000b273a111f7769013f1731e9c697c,1,3,193400,https://p.scdn.co/mp3-preview/c4a7b5e8b012344e607dc50991a32b4a00326739?cid=9950ac751e34487dbbe027c4fd7f8e99,FALSE,76,CAB391100615
spotify:track:5efvxYn0J1q8iuIZBqpDD7,Lowlife,spotify:artist:5mlbvTfWUOfDrUIK6dkNzv,Poppy,spotify:album:1LXJcgThDI0rAJRBkRk07s,Bubblebath,spotify:artist:5mlbvTfWUOfDrUIK6dkNzv,Poppy,6/10/2016,https://i.scdn.co/image/ab67616d0000b2737e648f95f0e0495694309569,1,1,205693,https://p.scdn.co/mp3-preview/c6ab10a9bb4e2ba04078253102437455c80caaa8?cid=9950ac751e34487dbbe027c4fd7f8e99,TRUE,56,USUM71506564
spotify:track:5fp6m6Zo4LetiWaMMrPjy5,Dreamscape,spotify:artist:0BjppA384A5QT9kRKCJOyb,009 Sound System,spotify:album:5W3etTwlyw2ykgwk5sW8K3,009 Sound System,spotify:artist:0BjppA384A5QT9kRKCJOyb,009 Sound System,2010,https://i.scdn.co/image/ab67616d0000b2736298dc3c772f72e70e73d4e8,1,1,277489,https://p.scdn.co/mp3-preview/6d02c8a91a463e3d0cbd1cb472524d81c53444a2?cid=9950ac751e34487dbbe027c4fd7f8e99,FALSE,53,USTCC0917255
spotify:track:0fABszUFNbNq9IW503Gj8v,Tá OK,"spotify:artist:6xlRSRMLgZbsSNd0BMobwy, spotify:artist:2UMj7NCbuqy1yUZmiSYGjJ","DENNIS, MC Kevin o Chris",spotify:album:41iAYv4hU3BL86F0sOTvqp,Tá OK,"spotify:artist:6xlRSRMLgZbsSNd0BMobwy, spotify:artist:2UMj7NCbuqy1yUZmiSYGjJ","DENNIS, MC Kevin o Chris",5/4/2023,https://i.scdn.co/image/ab67616d0000b2736b19d46024e623f257363a36,1,1,92093,https://p.scdn.co/mp3-preview/53d83121788d1a98041d868e1a2e44aa57e4d38c?cid=9950ac751e34487dbbe027c4fd7f8e99,FALSE,71,BRSME2300692
spotify:track:5lEsM6qpuzuZwij6jIZPvP,Big Time Rush,spotify:artist:0GWCNkPi54upO9WLlwjAHd,Big Time Rush,spotify:album:2RjFzASjHZG1lUbCKqUahx,BTR,spotify:artist:0GWCNkPi54upO9WLlwjAHd,Big Time Rush,10/11/2010,https://i.scdn.co/image/ab67616d0000b27350acd1f66ebd5b84630c7129,1,11,197586,https://p.scdn.co/mp3-preview/0c9aad06203dd90c66c9651f259c9bad901bcb18?cid=9950ac751e34487dbbe027c4fd7f8e99,FALSE,56,USSM10906314
spotify:track:5Xkht48NOI9eirHjY7d87I,Daddy's Gone,spotify:artist:478peoEkoKPsTgRiVzkvPl,Glasvegas,spotify:album:2MLOTcKvTfrJHhEeRb164i,Glasvegas,spotify:artist:478peoEkoKPsTgRiVzkvPl,Glasvegas,9/5/2008,https://i.scdn.co/image/ab67616d0000b2733ea4aded38ae4e2c6d04aece,1,7,262360,https://p.scdn.co/mp3-preview/05583b30f6e5c597827c6176e0d785d5d17060c8?cid=9950ac751e34487dbbe027c4fd7f8e99,TRUE,0,GBARL0800765
spotify:track:6o1l9I0faXJN2iqulHrdCQ,Crazy,"spotify:artist:5SbkVQYYzlw1kte75QIabH, spotify:artist:5nLYd9ST4Cnwy6NHaCxbj8, spotify:artist:2dBj3prW7gP9bCCOIQeDUf","Gnarls Barkley, CeeLo Green, Danger Mouse",spotify:album:2NQH7gYB2buQCbdvHBNRif,St. Elsewhere,"spotify:artist:5SbkVQYYzlw1kte75QIabH, spotify:artist:5nLYd9ST4Cnwy6NHaCxbj8, spotify:artist:2dBj3prW7gP9bCCOIQeDUf","Gnarls Barkley, CeeLo Green, Danger Mouse",2006,https://i.scdn.co/image/ab67616d0000b273ab051a2c680f39c0d9827706,1,2,182066,https://p.scdn.co/mp3-preview/3d23901a1b268fa45dd67e663376cec97ff8c9b2?cid=9950ac751e34487dbbe027c4fd7f8e99,FALSE,74,USAT20611041
spotify:track:6epn3r7S14KUqlReYr77hA,Baby,"spotify:artist:1uNFoZAHBGtllmzznpCI3s, spotify:artist:3ipn9JLAPI5GUEo4y4jcoi","Justin Bieber, Ludacris",spotify:album:3BmcYMh0KYsimWL6p2gPa9,My World 2.0,spotify:artist:1uNFoZAHBGtllmzznpCI3s,Justin Bieber,1/1/2010,https://i.scdn.co/image/ab67616d0000b273629dc9e2e3bc20bbd7d92e4a,1,1,214240,https://p.scdn.co/mp3-preview/6f57db4d7d782298f0d2de9097a45f4671cb2fd6?cid=9950ac751e34487dbbe027c4fd7f8e99,FALSE,86,USUM70919263
spotify:track:5JVbvCHX10U2pLa5DEqGav,Safe and Sound,spotify:artist:4gwpcMTbLWtBUlOijbVpuu,Capital Cities,spotify:album:3rLiil7YBkoGXLrFtwYcju,In A Tidal Wave of Mystery,spotify:artist:4gwpcMTbLWtBUlOijbVpuu,Capital Cities,6/4/2013,https://i.scdn.co/image/ab67616d0000b273b03e92f4e7dcd9db3a06c869,1,1,192789,https://p.scdn.co/mp3-preview/5e9a012f06d4c8612a3d378cde706104c00ec621?cid=9950ac751e34487dbbe027c4fd7f8e99,FALSE,88,TCABD1246970
spotify:track:1LmN9SSHISbtp9LoaR5ZVJ,Payphone,"spotify:artist:04gDigrS5kc9YWfZHwBETP, spotify:artist:137W8MRPWKqSmrBGDBFSop","Maroon 5, Wiz Khalifa",spotify:album:5x7JzoE4A3DwwU6FPt8qws,Overexposed,spotify:artist:04gDigrS5kc9YWfZHwBETP,Maroon 5,6/20/2021,https://i.scdn.co/image/ab67616d0000b2733119f490f02fcee6514e8604,1,2,231386,https://p.scdn.co/mp3-preview/24c2c8cc0e6b3d3fc5b3fe8ca4c08164ec9ef24d?cid=9950ac751e34487dbbe027c4fd7f8e99,TRUE,70,USUM71203347
spotify:track:5r5cp9IpziiIsR6b93vcnQ,Walking On A Dream,spotify:artist:67hb7towEyKvt5Z8Bx306c,Empire Of The Sun,spotify:album:5B6XfyHHYawyLkEvNvhSPh,Walking On A Dream (10th Anniversary Edition),spotify:artist:67hb7towEyKvt5Z8Bx306c,Empire Of The Sun,10/3/2008,https://i.scdn.co/image/ab67616d0000b273f3aa0e6ca22a382007f61e4d,1,2,198440,https://p.scdn.co/mp3-preview/a21bd2feedf60140b9e163aa037bd285adb5e896?cid=9950ac751e34487dbbe027c4fd7f8e99,FALSE,88,AUEI10800039
spotify:track:3zEN0ii6s4DHHBpnTp3RP7,We Are The People,spotify:artist:67hb7towEyKvt5Z8Bx306c,Empire Of The Sun,spotify:album:5B6XfyHHYawyLkEvNvhSPh,Walking On A Dream (10th Anniversary Edition),spotify:artist:67hb7towEyKvt5Z8Bx306c,Empire Of The Sun,10/3/2008,https://i.scdn.co/image/ab67616d0000b273f3aa0e6ca22a382007f61e4d,1,4,267373,https://p.scdn.co/mp3-preview/f0386090a391d2cf72f97c60de6e8d2bb4ea509e?cid=9950ac751e34487dbbe027c4fd7f8e99,FALSE,89,AUEI10800041
spotify:track:18lR4BzEs7e3qzc0KVkTpU,What I've Done,spotify:artist:6XyY86QOPPrYVGvF9ch6wz,Linkin Park,spotify:album:2tlTBLz2w52rpGCLBGyGw6,Minutes to Midnight,spotify:artist:6XyY86QOPPrYVGvF9ch6wz,Linkin Park,5/14/2007,https://i.scdn.co/image/ab67616d0000b2736e996745f2c7b8036abef213,1,6,205226,https://p.scdn.co/mp3-preview/bb5a97b64d61c8920674717ca753752eee008b95?cid=9950ac751e34487dbbe027c4fd7f8e99,FALSE,85,USWB10700721
spotify:track:7ySUcLPVX7KudhnmNcgY2D,S&M,spotify:artist:5pKCCKE2ajJHZ9KAiaK11H,Rihanna,spotify:album:5QG3tjE5L9F6O2vCAPph38,Loud (Japan Version),spotify:artist:5pKCCKE2ajJHZ9KAiaK11H,Rihanna,1/1/2010,https://i.scdn.co/image/ab67616d0000b27331548865f7c729290b96c794,1,1,243600,https://p.scdn.co/mp3-preview/6df4d34ea5aba149846ff5a2e10209dad5b2d1fd?cid=9950ac751e34487dbbe027c4fd7f8e99,TRUE,85,USUM71026591
spotify:track:7FbrGaHYVDmfr7KoLIZnQ7,Cupid - Twin Ver.,spotify:artist:4GJ6xDCF5jaUqD6avOuQT6,FIFTY FIFTY,spotify:album:5letLUZIFsQikJYShfGNs4,The Beginning: Cupid,spotify:artist:4GJ6xDCF5jaUqD6avOuQT6,FIFTY FIFTY,2/24/2023,https://i.scdn.co/image/ab67616d0000b27337c0b3670236c067c8e8bbcb,1,2,174253,https://p.scdn.co/mp3-preview/6a5229e240b94c5fe224780c8a6e4b003415002f?cid=9950ac751e34487dbbe027c4fd7f8e99,FALSE,12,KSA012239181
spotify:track:1dzQoRqT5ucxXVaAhTcT0J,Just Dance,"spotify:artist:1HY2Jd0NmPuamShAr6KMms, spotify:artist:7fObcBw9VM3x7ntWKCYl0z","Lady Gaga, Colby O'Donis",spotify:album:1qwlxZTNLe1jq3b0iidlue,The Fame,spotify:artist:1HY2Jd0NmPuamShAr6KMms,Lady Gaga,1/1/2008,https://i.scdn.co/image/ab67616d0000b273e691217483df8798445c82e2,1,1,241933,https://p.scdn.co/mp3-preview/95cc6f61db841d49e062c94e68a62a89da0c46c4?cid=9950ac751e34487dbbe027c4fd7f8e99,FALSE,86,USUM70807646
spotify:track:2gZUPNdnz5Y45eiGxpHGSc,POWER,spotify:artist:5K4W6rqBFWDnAN6FQUkS6x,Kanye West,spotify:album:20r762YmB5HeofjMCiPMLv,My Beautiful Dark Twisted Fantasy,spotify:artist:5K4W6rqBFWDnAN6FQUkS6x,Kanye West,11/22/2010,https://i.scdn.co/image/ab67616d0000b273d9194aa18fa4c9362b47464f,1,3,292093,https://p.scdn.co/mp3-preview/0d5423c5f4d41582149e1ebcf13279964fa76428?cid=9950ac751e34487dbbe027c4fd7f8e99,TRUE,80,USUM71018220
spotify:track:0j2T0R9dR9qdJYsB7ciXhf,Stronger,spotify:artist:5K4W6rqBFWDnAN6FQUkS6x,Kanye West,spotify:album:4SZko61aMnmgvNhfhgTuD3,Graduation,spotify:artist:5K4W6rqBFWDnAN6FQUkS6x,Kanye West,9/11/2007,https://i.scdn.co/image/ab67616d0000b27326f7f19c7f0381e56156c94a,1,3,311866,https://p.scdn.co/mp3-preview/998124b19664ac7c039651111eda40e8ed4d4292?cid=9950ac751e34487dbbe027c4fd7f8e99,TRUE,84,USUM70741299
spotify:track:7Ii2ALuxW7NkLfQPhV4Rn2,Bohemian Trapsody,spotify:artist:4xRYI6VqpkE3UwrDrAZL8L,Logic,spotify:album:7C5J8fG34IbOKe2pQPq9SU,Supermarket (Soundtrack),spotify:artist:4xRYI6VqpkE3UwrDrAZL8L,Logic,3/26/2019,https://i.scdn.co/image/ab67616d0000b273ba518c4c580b3652111c7c84,1,1,404666,https://p.scdn.co/mp3-preview/92e3f377991d082fc8f85776768c3945fea92167?cid=9950ac751e34487dbbe027c4fd7f8e99,TRUE,47,USUM71904184
spotify:track:4dTaAiV9xFFCxnPur9c9yL,Memories (feat. Kid Cudi),"spotify:artist:1Cs0zKBU1kc0i8ypK3B9ai, spotify:artist:0fA0VVWsXO9YnASrzqfmYu","David Guetta, Kid Cudi",spotify:album:1xGEbkqzqiCcUTBbasvShI,One Love (Deluxe),spotify:artist:1Cs0zKBU1kc0i8ypK3B9ai,David Guetta,8/21/2009,https://i.scdn.co/image/ab67616d0000b273b2e43ed3850e072831f7b2c6,1,3,210093,https://p.scdn.co/mp3-preview/142a5e572bed7e1e646c835a1ea426997b7f3ff8?cid=9950ac751e34487dbbe027c4fd7f8e99,FALSE,67,FRZID0900480
spotify:track:6Wx88Mv6b9ofjKMKkdwOJd,New Divide,spotify:artist:6XyY86QOPPrYVGvF9ch6wz,Linkin Park,spotify:album:1fqibtpI0bwD73uQGeEnhn,Transformers: Revenge Of The Fallen The Album,spotify:artist:0LyfQWJT6nXafLPZqxe9Of,Various Artists,6/12/2009,https://i.scdn.co/image/ab67616d0000b273148cd93cd936ee29cb4db587,1,1,268613,https://p.scdn.co/mp3-preview/07b65f873e13a81671ff8f8e7a2fb092f7941426?cid=9950ac751e34487dbbe027c4fd7f8e99,FALSE,73,USWB10901893
spotify:track:6jFCFrcstrdTP2XPkBfV1F,Meiga e abusada,spotify:artist:7FNnA9vBm6EKceENgCGRMb,Anitta,spotify:album:7IcgpWsMMBvW5NzNoKRu6z,Anitta,spotify:artist:7FNnA9vBm6EKceENgCGRMb,Anitta,2/6/2013,https://i.scdn.co/image/ab67616d0000b273b1bd3ec4ceb6f5ffbf3a7de7,1,2,229320,https://p.scdn.co/mp3-preview/ffbe1f284c02bdc3fd2b60af61878bd5adcb16e7?cid=9950ac751e34487dbbe027c4fd7f8e99,FALSE,65,BRWMB1300001
spotify:track:4kWO6O1BUXcZmaxitpVUwp,Jackie Chan,"spotify:artist:2o5jDhtHVPhrJdv3cEQ99Z, spotify:artist:5vQfv3s2Z2SRdPZKr82ABw, spotify:artist:0bdJZl7TDeiymDYzMJnVh2, spotify:artist:246dkjvS1zLTtiykXe5h60","Tiësto, Dzeko, Preme, Post Malone",spotify:album:0vRcQquqBlFvnezWldWfmt,Jackie Chan,"spotify:artist:2o5jDhtHVPhrJdv3cEQ99Z, spotify:artist:5vQfv3s2Z2SRdPZKr82ABw","Tiësto, Dzeko",5/18/2018,https://i.scdn.co/image/ab67616d0000b2738c5e26c45a7703cf16f509f7,1,1,215759,https://p.scdn.co/mp3-preview/8b3de770a2b29ad9514ddd2ccb11f0920794fe58?cid=9950ac751e34487dbbe027c4fd7f8e99,TRUE,71,CYA111800123
spotify:track:6YUTL4dYpB9xZO5qExPf05,Summer,spotify:artist:7CajNmpbOovFoOoasH2HaY,Calvin Harris,spotify:album:48zisMeiXniWLzOQghbPqS,Motion,spotify:artist:7CajNmpbOovFoOoasH2HaY,Calvin Harris,10/31/2014,https://i.scdn.co/image/ab67616d0000b2738fba5806a323efd272677c4d,1,8,222533,https://p.scdn.co/mp3-preview/f8877a2ec4963cb11fa2c282a18e9015f2e8bfad?cid=9950ac751e34487dbbe027c4fd7f8e99,FALSE,88,GBARL1400296
spotify:track:6WkJ2OK163XXS2oARUC9JM,Dancin (feat. Luvli) - Krono Remix,"spotify:artist:77qukKzmdI5BeMBR7WGUrN, spotify:artist:17TFSnqADESRM8BPSaM5aB, spotify:artist:6dqohi36avY0M9urnyhITr","Aaron Smith, Krono, Luvli",spotify:album:2J2f6vGACFrRghO1Ki74BE,Dancin (feat. Luvli) [Krono Remix],"spotify:artist:77qukKzmdI5BeMBR7WGUrN, spotify:artist:17TFSnqADESRM8BPSaM5aB","Aaron Smith, Krono",11/7/2014,https://i.scdn.co/image/ab67616d0000b273f7a3a5656060030a0d24855c,1,1,198053,https://p.scdn.co/mp3-preview/96554d5eb7ca8f02d0e07955b2c33fdd7874e2ca?cid=9950ac751e34487dbbe027c4fd7f8e99,FALSE,79,QMLA71400326
spotify:track:6uBhi9gBXWjanegOb2Phh0,Stay,"spotify:artist:2qxJFvFYMEDqd7ui6kSAcq, spotify:artist:2wUjUUtkb5lvLKcGKsKqsR","Zedd, Alessia Cara",spotify:album:1I4W7JKzYbl8VKRfD61DIS,Stay,"spotify:artist:2qxJFvFYMEDqd7ui6kSAcq, spotify:artist:2wUjUUtkb5lvLKcGKsKqsR","Zedd, Alessia Cara",2/23/2017,https://i.scdn.co/image/ab67616d0000b273b993cba8ff7d0a8e9ee18d46,1,1,210090,https://p.scdn.co/mp3-preview/264d0f4ee99b296da9d43c4ddd0ffa265c25b247?cid=9950ac751e34487dbbe027c4fd7f8e99,FALSE,80,USUM71700736
spotify:track:3bC1ahPIYt1btJzSSEyyrF,Whistle,spotify:artist:0jnsk9HBra6NMjO2oANoPY,Flo Rida,spotify:album:7eLwoxxWs6lfkVYJGkGNbk,Wild Ones,spotify:artist:0jnsk9HBra6NMjO2oANoPY,Flo Rida,6/22/2012,https://i.scdn.co/image/ab67616d0000b273871d85943145dde548f4ae09,1,1,224653,https://p.scdn.co/mp3-preview/ea7012e8d63798a9bd4ec40e566cb81c5955d18f?cid=9950ac751e34487dbbe027c4fd7f8e99,FALSE,80,USAT21201745
spotify:track:0YIP2pcsehVFLJRWfDVgdw,Gone Daddy Gone / I Just Want to Make Love to You,"spotify:artist:5SbkVQYYzlw1kte75QIabH, spotify:artist:5nLYd9ST4Cnwy6NHaCxbj8, spotify:artist:2dBj3prW7gP9bCCOIQeDUf","Gnarls Barkley, CeeLo Green, Danger Mouse",spotify:album:2NQH7gYB2buQCbdvHBNRif,St. Elsewhere,"spotify:artist:5SbkVQYYzlw1kte75QIabH, spotify:artist:5nLYd9ST4Cnwy6NHaCxbj8, spotify:artist:2dBj3prW7gP9bCCOIQeDUf","Gnarls Barkley, CeeLo Green, Danger Mouse",2006,https://i.scdn.co/image/ab67616d0000b273ab051a2c680f39c0d9827706,1,4,148066,https://p.scdn.co/mp3-preview/9a097033ec40c78d058d8063d988ec4f8a5e12d0?cid=9950ac751e34487dbbe027c4fd7f8e99,FALSE,41,USAT20611043
